"sustrato","mesada","biomasa","ue","posicion"
"Suelo + arena","M1",12,"DB01",2
"Suelo + compost","M1",14.9,"DB02",1
"Sustrato comercial","M1",17.8,"DB03",3
"Suelo + arena","M2",14.1,"DB04",1
"Suelo + compost","M2",14.2,"DB05",3
"Sustrato comercial","M2",15.6,"DB06",2
"Suelo + arena","M3",14.1,"DB07",1
"Suelo + compost","M3",14.2,"DB08",3
"Sustrato comercial","M3",16.5,"DB09",2
"Suelo + arena","M4",10.8,"DB10",1
"Suelo + compost","M4",12.6,"DB11",3
"Sustrato comercial","M4",15.2,"DB12",2
"Suelo + arena","M5",15.9,"DB13",2
"Suelo + compost","M5",16.6,"DB14",1
"Sustrato comercial","M5",20,"DB15",3
"Suelo + arena","M6",14,"DB16",2
"Suelo + compost","M6",16.9,"DB17",1
"Sustrato comercial","M6",17.3,"DB18",3
"Suelo + arena","M7",15.6,"DB19",2
"Suelo + compost","M7",16.4,"DB20",1
"Sustrato comercial","M7",19.1,"DB21",3
