"ue","sustrato","biomasa","posicion"
"UE01","Suelo + arena",10.8,17
"UE02","Suelo + arena",13.2,14
"UE03","Suelo + arena",15.7,16
"UE04","Suelo + arena",10.4,2
"UE05","Suelo + arena",15.2,15
"UE06","Suelo + arena",12.8,18
"UE07","Suelo + arena",13.7,20
"UE08","Suelo + compost",18.2,11
"UE09","Suelo + compost",12,21
"UE10","Suelo + compost",17.5,9
"UE11","Suelo + compost",18.8,6
"UE12","Suelo + compost",12.1,10
"UE13","Suelo + compost",13.3,3
"UE14","Suelo + compost",14.5,8
"UE15","Sustrato comercial",19.9,12
"UE16","Sustrato comercial",14.7,5
"UE17","Sustrato comercial",18.2,4
"UE18","Sustrato comercial",20,1
"UE19","Sustrato comercial",22.4,13
"UE20","Sustrato comercial",15,7
"UE21","Sustrato comercial",16.4,19
